"ACANTHACEAE";"Justicia";"clivalis";"";""
"ACANTHACEAE";"Poikilacanthus";"bahiensis";"";""
"ACANTHACEAE";"Staurogyne";"minarum";"";""
"ACANTHACEAE";"Stenandrium";"goiasense";"";""
"ACANTHACEAE";"Stenandrium";"irwinii";"";""
"ALISMATACEAE";"Echinodorus";"lanceolatus";"";""
"ALSTROEMERIACEAE";"Alstroemeria";"chapadensis";"";""
"AMARANTHACEAE";"Gomphrena";"hermogenesii";"";""
"AMARANTHACEAE";"Gomphrena";"hillii";"";""
"AMARANTHACEAE";"Gomphrena";"marginata";"";""
"ANNONACEAE";"Duguetia";"rotundifolia";"";""
"APOCYNACEAE";"Barjonia";"grazielae";"";""
"APOCYNACEAE";"Blepharodon";"hatschbachii";"";""
"APOCYNACEAE";"Ditassa";"emmerichii";"";""
"APOCYNACEAE";"Ditassa";"insignis";"";""
"APOCYNACEAE";"Ditassa";"obscura";"";""
"APOCYNACEAE";"Mandevilla";"rubra";"";""
"APOCYNACEAE";"Mandevilla";"semirii";"";""
"APOCYNACEAE";"Marsdenia";"neomanarae";"";""
"APOCYNACEAE";"Marsdenia";"sessilifolia";"";""
"APOCYNACEAE";"Marsdenia";"virgultorum";"";""
"APOCYNACEAE";"Matelea";"matogrossensis";"";""
"APOCYNACEAE";"Matelea";"refracta";"";""
"APOCYNACEAE";"Minaria";"campanuliflora";"";""
"APOCYNACEAE";"Nephradenia";"filipes";"";""
"APOCYNACEAE";"Oxypetalum";"habrogynum";"";""
"APOCYNACEAE";"Oxypetalum";"helios";"";""
"APOCYNACEAE";"Oxypetalum";"pardense";"";""
"APOCYNACEAE";"Rauvolfia";"ligustrina";"";""
"APOCYNACEAE";"Tassadia";"geniculata";"";""
"APOCYNACEAE";"Tassadia";"rizzoana";"";""
"APODANTHACEAE";"Apodanthes";"minarum";"";""
"AQUIFOLIACEAE";"Ilex";"mucugensis";"";""
"ARACEAE";"Anthurium";"megapetiolatum";"";""
"ARACEAE";"Philodendron";"cipoense";"";""
"ARACEAE";"Philodendron";"pachyphyllum";"";""
"ARACEAE";"Philodendron";"rhizomatosum";"";""
"ARALIACEAE";"Schefflera";"botumirimensis";"";""
"ARALIACEAE";"Schefflera";"cephalantha";"";""
"ARALIACEAE";"Schefflera";"fruticosa";"";""
"ARALIACEAE";"Schefflera";"lucumoides";"";""
"ARECACEAE";"Attalea";"pindobassu";"";""
"ARECACEAE";"Syagrus";"werdermannii";"";""
"ASTERACEAE";"Aspilia";"discolor";"";""
"ASTERACEAE";"Aspilia";"goiazensis";"";""
"ASTERACEAE";"Aspilia";"hatschbachii";"";""
"ASTERACEAE";"Aspilia";"podophylla";"";""
"ASTERACEAE";"Aspilia";"pseudoyedaea";"";""
"ASTERACEAE";"Bidens";"edentula";"";""
"ASTERACEAE";"Calea";"irwinii";"";""
"ASTERACEAE";"Chrysolaena";"dusenii";"";""
"ASTERACEAE";"Dasyphyllum";"reticulatum";"";""
"ASTERACEAE";"Dasyphyllum";"retinens";"";""
"ASTERACEAE";"Dasyphyllum";"trichophyllum";"";""
"ASTERACEAE";"Eremanthus";"pabstii";"";""
"ASTERACEAE";"Ichthyothere";"mattogrossensis";"";""
"ASTERACEAE";"Ichthyothere";"petiolata";"";""
"ASTERACEAE";"Lessingianthus";"arachniolepis";"";""
"ASTERACEAE";"Lessingianthus";"argenteus";"";""
"ASTERACEAE";"Lessingianthus";"caiapoensis";"";""
"ASTERACEAE";"Lessingianthus";"heringeri";"";""
"ASTERACEAE";"Lessingianthus";"rugulosus";"";""
"ASTERACEAE";"Lessingianthus";"scaposus";"";""
"ASTERACEAE";"Minasia";"cabralensis";"";""
"ASTERACEAE";"Minasia";"lewinsohnii";"";""
"ASTERACEAE";"Stenophalium";"heringeri";"";""
"ASTERACEAE";"Stevia";"resinosa";"";""
"ASTERACEAE";"Vernonanthura";"almedae";"";""
"ASTERACEAE";"Vernonanthura";"lindbergii";"";""
"ASTERACEAE";"Wedelia";"souzae";"";""
"BALANOPHORACEAE";"Lophophytum";"rizzoi";"";""
"BIGNONIACEAE";"Adenocalymma";"subspicatum";"";""
"BIGNONIACEAE";"Jacaranda";"racemosa";"";""
"BIGNONIACEAE";"Lundia";"damazii";"";""
"BROMELIACEAE";"Alcantarea";"burle-marxii";"";""
"BROMELIACEAE";"Alcantarea";"hatschbachii";"";""
"BROMELIACEAE";"Cryptanthus";"leopoldo-horstii";"";""
"BROMELIACEAE";"Dyckia";"argentea";"";""
"BROMELIACEAE";"Dyckia";"brachyphylla";"";""
"BROMELIACEAE";"Dyckia";"bracteata";"";""
"BROMELIACEAE";"Dyckia";"densiflora";"";""
"BROMELIACEAE";"Dyckia";"elongata";"";""
"BROMELIACEAE";"Dyckia";"mello-barretoi";"";""
"BROMELIACEAE";"Dyckia";"pectinata";"";""
"BROMELIACEAE";"Encholirium";"reflexum";"";""
"BROMELIACEAE";"Lapanthus";"itambensis";"";""
"BROMELIACEAE";"Orthophytum";"mello-barretoi";"";""
"BROMELIACEAE";"Orthophytum";"schulzianum";"";""
"BROMELIACEAE";"Pitcairnia";"curvidens";"";""
"BROMELIACEAE";"Tillandsia";"copynii";"";""
"BROMELIACEAE";"Tillandsia";"sprengeliana";"";""
"BROMELIACEAE";"Vriesea";"densiflora";"";""
"BURSERACEAE";"Protium";"dawsonii";"";""
"CACTACEAE";"Cipocereus";"pleurocarpus";"";""
"CACTACEAE";"Rhipsalis";"agudoensis";"";""
"CALOPHYLLACEAE";"Kielmeyera";"anisosepala";"";""
"CALOPHYLLACEAE";"Kielmeyera";"juruensis";"";""
"CALOPHYLLACEAE";"Kielmeyera";"similis";"";""
"CALOPHYLLACEAE";"Kielmeyera";"trichophora";"";""
"CAMPANULACEAE";"Lobelia";"brasiliensis";"";""
"CARYOPHYLLACEAE";"Paronychia";"fasciculata";"";""
"CELASTRACEAE";"Maytenus";"opaca";"";""
"CHRYSOBALANACEAE";"Hirtella";"juruensis";"";""
"CHRYSOBALANACEAE";"Licania";"maguirei";"";""
"COMMELINACEAE";"Tripogandra";"elata";"";""
"COMMELINACEAE";"Tripogandra";"warmingiana";"";""
"CONNARACEAE";"Rourea";"chrysomalla";"";""
"CONNARACEAE";"Rourea";"prancei";"";""
"CONNARACEAE";"Rourea";"tenuis";"";""
"CONVOLVULACEAE";"Bonamia";"kuhlmannii";"";""
"CONVOLVULACEAE";"Evolvulus";"chapadensis";"";""
"CONVOLVULACEAE";"Evolvulus";"gnaphalioides";"";""
"CONVOLVULACEAE";"Ipomoea";"calyptrata";"";""
"CUCURBITACEAE";"Apodanthera";"villosa";"";""
"CUCURBITACEAE";"Cayaponia";"rugosa";"";""
"CUNONIACEAE";"Lamanonia";"brasiliensis";"";""
"CYPERACEAE";"Abildgaardia";"papillosa";"";""
"CYPERACEAE";"Bulbostylis";"lombardii";"";""
"CYPERACEAE";"Cryptangium";"humile";"";""
"CYPERACEAE";"Cryptangium";"polyphyllum";"";""
"CYPERACEAE";"Cyperus";"almensis";"";""
"CYPERACEAE";"Eleocharis";"loefgreniana";"";""
"CYPERACEAE";"Eleocharis";"morroi";"";""
"CYPERACEAE";"Eleocharis";"olivaceonux";"";""
"CYPERACEAE";"Lagenocarpus";"adamantinus";"";""
"CYPERACEAE";"Rhynchospora";"enmanuelis";"";""
"CYPERACEAE";"Rhynchospora";"tenuis";"";""
"CYPERACEAE";"Scleria";"cuyabensis";"";""
"EBENACEAE";"Diospyros";"mexiae";"";""
"ERIOCAULACEAE";"Actinocephalus";"aggregatus";"";""
"ERIOCAULACEAE";"Actinocephalus";"callophyllus";"";""
"ERIOCAULACEAE";"Actinocephalus";"compactus";"";""
"ERIOCAULACEAE";"Actinocephalus";"coutoensis";"";""
"ERIOCAULACEAE";"Actinocephalus";"deflexus";"";""
"ERIOCAULACEAE";"Actinocephalus";"diffusus";"";""
"ERIOCAULACEAE";"Actinocephalus";"falcifolius";"";""
"ERIOCAULACEAE";"Actinocephalus";"fimbriatus";"";""
"ERIOCAULACEAE";"Actinocephalus";"glabrescens";"";""
"ERIOCAULACEAE";"Actinocephalus";"graminifolius";"";""
"ERIOCAULACEAE";"Actinocephalus";"herzogii";"";""
"ERIOCAULACEAE";"Actinocephalus";"nodifer";"";""
"ERIOCAULACEAE";"Actinocephalus";"robustus";"";""
"ERIOCAULACEAE";"Actinocephalus";"stereophyllus";"";""
"ERIOCAULACEAE";"Comanthera";"cipoensis";"";""
"ERIOCAULACEAE";"Comanthera";"circinnata";"";""
"ERIOCAULACEAE";"Comanthera";"curralensis";"";""
"ERIOCAULACEAE";"Comanthera";"floccosa";"";""
"ERIOCAULACEAE";"Comanthera";"hatschbachii";"";""
"ERIOCAULACEAE";"Eriocaulon";"aquatile";"";""
"ERIOCAULACEAE";"Eriocaulon";"burchellii";"";""
"ERIOCAULACEAE";"Eriocaulon";"cipoense";"";""
"ERIOCAULACEAE";"Eriocaulon";"griseum";"";""
"ERIOCAULACEAE";"Eriocaulon";"papillosum";"";""
"ERIOCAULACEAE";"Leiothrix";"cipoensis";"";""
"ERIOCAULACEAE";"Leiothrix";"crassifolia";"";""
"ERIOCAULACEAE";"Leiothrix";"distichoclada";"";""
"ERIOCAULACEAE";"Leiothrix";"fulgida";"var.";"milho-verdensis"
"ERIOCAULACEAE";"Leiothrix";"luxurians";"";""
"ERIOCAULACEAE";"Leiothrix";"rupestris";"";""
"ERIOCAULACEAE";"Leiothrix";"sclerophylla";"";""
"ERIOCAULACEAE";"Leiothrix";"sinuosa";"";""
"ERIOCAULACEAE";"Leiothrix";"spiralis";"";""
"ERIOCAULACEAE";"Paepalanthus";"albidus";"";""
"ERIOCAULACEAE";"Paepalanthus";"albo-tomentosus";"";""
"ERIOCAULACEAE";"Paepalanthus";"almasensis";"";""
"ERIOCAULACEAE";"Paepalanthus";"anamariae";"";""
"ERIOCAULACEAE";"Paepalanthus";"argenteus";"";""
"ERIOCAULACEAE";"Paepalanthus";"aureus";"";""
"ERIOCAULACEAE";"Paepalanthus";"barbiger";"";""
"ERIOCAULACEAE";"Paepalanthus";"barbulatus";"";""
"ERIOCAULACEAE";"Paepalanthus";"cinereus";"";""
"ERIOCAULACEAE";"Paepalanthus";"complanatus";"";""
"ERIOCAULACEAE";"Paepalanthus";"contasensis";"";""
"ERIOCAULACEAE";"Paepalanthus";"cordatus";"";""
"ERIOCAULACEAE";"Paepalanthus";"digitiformis";"";""
"ERIOCAULACEAE";"Paepalanthus";"erigeron";"";""
"ERIOCAULACEAE";"Paepalanthus";"globulifer";"";""
"ERIOCAULACEAE";"Paepalanthus";"harleyi";"";""
"ERIOCAULACEAE";"Paepalanthus";"homomallus";"";""
"ERIOCAULACEAE";"Paepalanthus";"inopinatus";"";""
"ERIOCAULACEAE";"Paepalanthus";"luetzelburgii";"";""
"ERIOCAULACEAE";"Paepalanthus";"obtusifolius";"";""
"ERIOCAULACEAE";"Paepalanthus";"pulvinatus";"";""
"ERIOCAULACEAE";"Paepalanthus";"revolutus";"";""
"ERIOCAULACEAE";"Paepalanthus";"rupestris";"";""
"ERIOCAULACEAE";"Paepalanthus";"senaeanus";"";""
"ERIOCAULACEAE";"Paepalanthus";"stannardii";"";""
"ERIOCAULACEAE";"Paepalanthus";"stuetzelii";"";""
"ERIOCAULACEAE";"Paepalanthus";"superbus";"";""
"ERIOCAULACEAE";"Paepalanthus";"urbanianus";"";""
"ERIOCAULACEAE";"Syngonanthus";"bracteosus";"";""
"ERIOCAULACEAE";"Syngonanthus";"hygrotrichus";"";""
"ERIOCAULACEAE";"Syngonanthus";"latifolius";"";""
"EUPHORBIACEAE";"Croton";"arlineae";"";""
"FABACEAE";"Aeschynomene";"graminoides";"";""
"FABACEAE";"Aeschynomene";"simplicifolia";"";""
"FABACEAE";"Bauhinia";"candelabriformis";"";""
"FABACEAE";"Bauhinia";"leptantha";"";""
"FABACEAE";"Bauhinia";"malacotrichoides";"";""
"FABACEAE";"Bocoa";"ratteri";"";""
"FABACEAE";"Calliandra";"gardneri";"";""
"FABACEAE";"Calliandra";"imbricata";"";""
"FABACEAE";"Calliandra";"linearis";"";""
"FABACEAE";"Calliandra";"santosiana";"";""
"FABACEAE";"Calliandra";"semisepulta";"";""
"FABACEAE";"Chamaecrista";"adamantina";"";""
"FABACEAE";"Chamaecrista";"altoana";"";""
"FABACEAE";"Chamaecrista";"caiapo";"";""
"FABACEAE";"Chamaecrista";"caracensis";"";""
"FABACEAE";"Chamaecrista";"catapodia";"";""
"FABACEAE";"Chamaecrista";"catiarae";"";""
"FABACEAE";"Chamaecrista";"centiflora";"";""
"FABACEAE";"Chamaecrista";"coradinii";"";""
"FABACEAE";"Chamaecrista";"coriacea";"";""
"FABACEAE";"Chamaecrista";"cytisoides";"";""
"FABACEAE";"Chamaecrista";"deltoidea";"";""
"FABACEAE";"Chamaecrista";"dumalis";"";""
"FABACEAE";"Chamaecrista";"ericifolia";"";""
"FABACEAE";"Chamaecrista";"fuscescens";"";""
"FABACEAE";"Chamaecrista";"geraldii";"";""
"FABACEAE";"Chamaecrista";"gumminans";"";""
"FABACEAE";"Chamaecrista";"gymnothyrsa";"";""
"FABACEAE";"Chamaecrista";"hatschbachii";"";""
"FABACEAE";"Chamaecrista";"itabiritoana";"";""
"FABACEAE";"Chamaecrista";"ixodes";"";""
"FABACEAE";"Chamaecrista";"lavradioides";"";""
"FABACEAE";"Chamaecrista";"leucopilis";"";""
"FABACEAE";"Chamaecrista";"macedoi";"";""
"FABACEAE";"Chamaecrista";"ochrosperma";"";""
"FABACEAE";"Chamaecrista";"pachyclada";"";""
"FABACEAE";"Chamaecrista";"phyllostachya";"";""
"FABACEAE";"Chamaecrista";"pilicarpa";"";""
"FABACEAE";"Chamaecrista";"polymorpha";"";""
"FABACEAE";"Chamaecrista";"psoraleopsis";"";""
"FABACEAE";"Chamaecrista";"simplifacta";"";""
"FABACEAE";"Chamaecrista";"vauthieri";"";""
"FABACEAE";"Chamaecrista";"virginis";"";""
"FABACEAE";"Crotalaria";"goiasensis";"";""
"FABACEAE";"Crotalaria";"irwinii";"";""
"FABACEAE";"Crotalaria";"rufipila";"";""
"FABACEAE";"Desmodium";"glabrescens";"";""
"FABACEAE";"Desmodium";"juruenense";"";""
"FABACEAE";"Mimosa";"cryptothamnos";"";""
"FABACEAE";"Mimosa";"cyclophylla";"";""
"FABACEAE";"Mimosa";"decorticans";"";""
"FABACEAE";"Mimosa";"humivagans";"";""
"FABACEAE";"Mimosa";"laniceps";"";""
"FABACEAE";"Mimosa";"lepidophora";"";""
"FABACEAE";"Mimosa";"manidea";"";""
"FABACEAE";"Mimosa";"oligosperma";"";""
"FABACEAE";"Mimosa";"pycnocoma";"";""
"FABACEAE";"Mimosa";"pyrenea";"";""
"FABACEAE";"Mimosa";"regina";"";""
"FABACEAE";"Mimosa";"setosissima";"";""
"FABACEAE";"Mimosa";"splendida";"";""
"FABACEAE";"Mimosa";"ulbrichiana";"";""
"FABACEAE";"Mimosa";"ulei";"";""
"FABACEAE";"Mimosa";"virgula";"";""
"FABACEAE";"Moldenhawera";"acuminata";"";""
"FABACEAE";"Poiretia";"bahiana";"";""
"FABACEAE";"Poiretia";"marginata";"";""
"FABACEAE";"Poiretia";"unifoliolata";"";""
"FABACEAE";"Zornia";"glaziovii";"";""
"FABACEAE";"Zornia";"subsessilis";"";""
"GENTIANACEAE";"Prepusa";"montana";"";""
"GENTIANACEAE";"Schultesia";"bahiensis";"";""
"GENTIANACEAE";"Schultesia";"crenuliflora";"";""
"GENTIANACEAE";"Schultesia";"irwiniana";"";""
"GENTIANACEAE";"Schultesia";"pachyphylla";"";""
"GENTIANACEAE";"Schultesia";"piresiana";"";""
"GENTIANACEAE";"Schultesia";"sucreana";"";""
"GESNERIACEAE";"Paliavana";"plumerioides";"";""
"LAMIACEAE";"Eriope";"angustifolia";"";""
"LAMIACEAE";"Eriope";"confusa";"";""
"LAMIACEAE";"Eriope";"filifolia";"";""
"LAMIACEAE";"Eriope";"montana";"";""
"LAMIACEAE";"Eriope";"sincorana";"";""
"LAMIACEAE";"Eriope";"xavantium";"";""
"LAMIACEAE";"Hypenia";"concinna";"";""
"LAMIACEAE";"Hypenia";"paradisi";"";""
"LAMIACEAE";"Hyptidendron";"dictiocalyx";"";""
"LAMIACEAE";"Hyptis";"argyrophylla";"";""
"LAMIACEAE";"Hyptis";"asteroides";"";""
"LAMIACEAE";"Hyptis";"caduca";"";""
"LAMIACEAE";"Hyptis";"coriacea";"";""
"LAMIACEAE";"Hyptis";"cuniloides";"";""
"LAMIACEAE";"Hyptis";"dictyodea";"";""
"LAMIACEAE";"Hyptis";"hagei";"";""
"LAMIACEAE";"Hyptis";"halimifolia";"";""
"LAMIACEAE";"Hyptis";"heterophylla";"";""
"LAMIACEAE";"Hyptis";"humilis";"";""
"LAMIACEAE";"Hyptis";"irwinii";"";""
"LAMIACEAE";"Hyptis";"loeseneriana";"";""
"LAMIACEAE";"Hyptis";"nivea";"";""
"LAMIACEAE";"Hyptis";"nubicola";"";""
"LAMIACEAE";"Hyptis";"silvinae";"";""
"LAMIACEAE";"Hyptis";"tenuifolia";"";""
"LENTIBULARIACEAE";"Utricularia";"huntii";"";""
"LOGANIACEAE";"Strychnos";"cerradoensis";"";""
"LORANTHACEAE";"Oryctina";"eubrachioides";"";""
"LORANTHACEAE";"Psittacanthus";"acinarius";"";""
"LORANTHACEAE";"Struthanthus";"microstylus";"";""
"LORANTHACEAE";"Struthanthus";"planaltinae";"";""
"LORANTHACEAE";"Struthanthus";"pusillifolius";"";""
"LORANTHACEAE";"Struthanthus";"rufo-furfuraceus";"";""
"LYTHRACEAE";"Cuphea";"anamariae";"";""
"LYTHRACEAE";"Cuphea";"cunninghamiifolia";"";""
"LYTHRACEAE";"Cuphea";"disperma";"";""
"LYTHRACEAE";"Cuphea";"fuchsiifolia";"";""
"LYTHRACEAE";"Cuphea";"glareosa";"";""
"LYTHRACEAE";"Cuphea";"lucens";"";""
"LYTHRACEAE";"Cuphea";"potamophila";"";""
"LYTHRACEAE";"Cuphea";"sclerophylla";"";""
"LYTHRACEAE";"Cuphea";"sincorana";"";""
"LYTHRACEAE";"Cuphea";"warmingii";"";""
"LYTHRACEAE";"Cuphea";"xanthopetala";"";""
"LYTHRACEAE";"Diplusodon";"adpressipilus";"";""
"LYTHRACEAE";"Diplusodon";"alatus";"";""
"LYTHRACEAE";"Diplusodon";"appendiculosus";"";""
"LYTHRACEAE";"Diplusodon";"argenteus";"";""
"LYTHRACEAE";"Diplusodon";"bradei";"";""
"LYTHRACEAE";"Diplusodon";"canastrensis";"";""
"LYTHRACEAE";"Diplusodon";"capitalensis";"";""
"LYTHRACEAE";"Diplusodon";"capitatus";"";""
"LYTHRACEAE";"Diplusodon";"chapadensis";"";""
"LYTHRACEAE";"Diplusodon";"decussatus";"";""
"LYTHRACEAE";"Diplusodon";"floribundus";"";""
"LYTHRACEAE";"Diplusodon";"glocimarii";"";""
"LYTHRACEAE";"Diplusodon";"grahamae";"";""
"LYTHRACEAE";"Diplusodon";"heringeri";"";""
"LYTHRACEAE";"Diplusodon";"leucocalycinus";"";""
"LYTHRACEAE";"Diplusodon";"longipes";"";""
"LYTHRACEAE";"Diplusodon";"mattogrossensis";"";""
"LYTHRACEAE";"Diplusodon";"mononeuros";"";""
"LYTHRACEAE";"Diplusodon";"nigricans";"";""
"LYTHRACEAE";"Diplusodon";"parvifolius";"";""
"LYTHRACEAE";"Diplusodon";"petiolatus";"";""
"LYTHRACEAE";"Diplusodon";"plumbeus";"";""
"LYTHRACEAE";"Diplusodon";"pygmaeus";"";""
"LYTHRACEAE";"Diplusodon";"rosmarinifolius";"";""
"LYTHRACEAE";"Diplusodon";"rotundifolius";"";""
"LYTHRACEAE";"Diplusodon";"rupestris";"";""
"LYTHRACEAE";"Diplusodon";"saxatilis";"";""
"LYTHRACEAE";"Diplusodon";"sigillatus";"";""
"LYTHRACEAE";"Diplusodon";"sordidus";"";""
"LYTHRACEAE";"Diplusodon";"thysanosepalus";"";""
"LYTHRACEAE";"Diplusodon";"trigintus";"";""
"MALPIGHIACEAE";"Acmanthera";"fernandesii";"";""
"MALPIGHIACEAE";"Amorimia";"velutina";"";""
"MALPIGHIACEAE";"Banisteriopsis";"arborea";"";""
"MALPIGHIACEAE";"Banisteriopsis";"byssacea";"";""
"MALPIGHIACEAE";"Banisteriopsis";"goiana";"";""
"MALPIGHIACEAE";"Byrsonima";"cordifolia";"";""
"MALPIGHIACEAE";"Byrsonima";"hatschbachii";"";""
"MALPIGHIACEAE";"Janusia";"christianeae";"";""
"MALPIGHIACEAE";"Mascagnia";"aptera";"";""
"MALPIGHIACEAE";"Peixotoa";"anadenanthera";"";""
"MALPIGHIACEAE";"Peixotoa";"axillaris";"";""
"MALPIGHIACEAE";"Peixotoa";"gardneri";"";""
"MALPIGHIACEAE";"Peixotoa";"irwinii";"";""
"MALPIGHIACEAE";"Peixotoa";"octoflora";"";""
"MALPIGHIACEAE";"Pterandra";"hatschbachii";"";""
"MALPIGHIACEAE";"Pterandra";"viridiflora";"";""
"MALPIGHIACEAE";"Stigmaphyllon";"jobertii";"";""
"MELASTOMATACEAE";"Cambessedesia";"cambessedesioides";"";""
"MELASTOMATACEAE";"Cambessedesia";"pityrophylla";"";""
"MELASTOMATACEAE";"Cambessedesia";"salviifolia";"";""
"MELASTOMATACEAE";"Cambessedesia";"semidecandra";"";""
"MELASTOMATACEAE";"Chaetostoma";"cupressimum";"";""
"MELASTOMATACEAE";"Chaetostoma";"flavum";"";""
"MELASTOMATACEAE";"Chaetostoma";"inerme";"";""
"MELASTOMATACEAE";"Chaetostoma";"scoparium";"";""
"MELASTOMATACEAE";"Chaetostoma";"selagineum";"";""
"MELASTOMATACEAE";"Chaetostoma";"stenocladon";"";""
"MELASTOMATACEAE";"Comolia";"edmundoi";"";""
"MELASTOMATACEAE";"Lavoisiera";"adamantium";"";""
"MELASTOMATACEAE";"Lavoisiera";"angustifolia";"";""
"MELASTOMATACEAE";"Lavoisiera";"bradeana";"";""
"MELASTOMATACEAE";"Lavoisiera";"caryophyllea";"";""
"MELASTOMATACEAE";"Lavoisiera";"firmula";"";""
"MELASTOMATACEAE";"Lavoisiera";"harleyi";"";""
"MELASTOMATACEAE";"Lavoisiera";"humilis";"";""
"MELASTOMATACEAE";"Lavoisiera";"macrocarpa";"";""
"MELASTOMATACEAE";"Lavoisiera";"mucorifera";"";""
"MELASTOMATACEAE";"Lavoisiera";"punctata";"";""
"MELASTOMATACEAE";"Lavoisiera";"senaei";"";""
"MELASTOMATACEAE";"Lavoisiera";"subulata";"";""
"MELASTOMATACEAE";"Lavoisiera";"tetragona";"";""
"MELASTOMATACEAE";"Microlicia";"balsamifera";"";""
"MELASTOMATACEAE";"Microlicia";"cipoana";"";""
"MELASTOMATACEAE";"Microlicia";"crebropunctata";"";""
"MELASTOMATACEAE";"Microlicia";"giuliettiana";"";""
"MELASTOMATACEAE";"Microlicia";"minima";"";""
"MELASTOMATACEAE";"Microlicia";"monticola";"";""
"MELASTOMATACEAE";"Microlicia";"mucugensis";"";""
"MELASTOMATACEAE";"Microlicia";"noblickii";"";""
"MELASTOMATACEAE";"Microlicia";"oligochaeta";"";""
"MELASTOMATACEAE";"Microlicia";"ordinata";"";""
"MELASTOMATACEAE";"Microlicia";"petasensis";"";""
"MELASTOMATACEAE";"Microlicia";"pinheiroi";"";""
"MELASTOMATACEAE";"Microlicia";"scoparia";"";""
"MELASTOMATACEAE";"Microlicia";"sincorensis";"";""
"MELASTOMATACEAE";"Microlicia";"subaequalis";"";""
"MELASTOMATACEAE";"Microlicia";"subalata";"";""
"MELASTOMATACEAE";"Microlicia";"suborbicularifolia";"";""
"MELASTOMATACEAE";"Microlicia";"tenuifolia";"";""
"MELASTOMATACEAE";"Microlicia";"trichocalycina";"";""
"MELASTOMATACEAE";"Microlicia";"vernicosa";"";""
"MELASTOMATACEAE";"Pterolepis";"rotundifolia";"";""
"MELASTOMATACEAE";"Trembleya";"rosmarinoides";"";""
"MONIMIACEAE";"Macropeplus";"schwackeanus";"";""
"MORACEAE";"Dorstenia";"contensis";"";""
"MORACEAE";"Dorstenia";"strangii";"";""
"MORACEAE";"Ficus";"carautana";"";""
"MYRTACEAE";"Calycolpus";"australis";"";""
"MYRTACEAE";"Plinia";"nana";"";""
"MYRTACEAE";"Psidium";"firmum";"";""
"OCHNACEAE";"Luxemburgia";"ciliatibracteata";"";""
"OCHNACEAE";"Luxemburgia";"damazioana";"";""
"OCHNACEAE";"Luxemburgia";"diciliata";"";""
"OCHNACEAE";"Luxemburgia";"hatschbachiana";"";""
"OCHNACEAE";"Luxemburgia";"speciosa";"";""
"OCHNACEAE";"Ouratea";"acicularis";"";""
"OCHNACEAE";"Sauvagesia";"lanceolata";"";""
"OCHNACEAE";"Sauvagesia";"oliveirae";"";""
"OCHNACEAE";"Sauvagesia";"ribeiroi";"";""
"ORCHIDACEAE";"Acianthera";"amaralii";"";""
"ORCHIDACEAE";"Dungsia";"marcaliana";"";""
"ORCHIDACEAE";"Habenaria";"meeana";"";""
"ORCHIDACEAE";"Habenaria";"pseudohamata";"";""
"ORCHIDACEAE";"Hadrolaelia";"praestans";"";""
"ORCHIDACEAE";"Hoffmannseggella";"pendula";"";""
"ORCHIDACEAE";"Hoffmannseggella";"pfisteri";"";""
"ORCHIDACEAE";"Leptotes";"vellozicola";"";""
"ORCHIDACEAE";"Sarcoglottis";"riocontensis";"";""
"OROBANCHACEAE";"Esterhazya";"nanuzae";"";""
"OROBANCHACEAE";"Physocalyx";"scaberrimus";"";""
"OXALIDACEAE";"Oxalis";"areolata";"";""
"OXALIDACEAE";"Oxalis";"pretoensis";"";""
"OXALIDACEAE";"Oxalis";"veadeirosensis";"";""
"PASSIFLORACEAE";"Passiflora";"hypoglauca";"";""
"PASSIFLORACEAE";"Passiflora";"mucugeana";"";""
"PIPERACEAE";"Peperomia";"warmingii";"";""
"PLANTAGINACEAE";"Angelonia";"pratensis";"";""
"POACEAE";"Andropogon";"campestris";"";""
"POACEAE";"Axonopus";"aureus";"";""
"POACEAE";"Axonopus";"grandifolius";"";""
"POACEAE";"Dichanthelium";"aequivaginatum";"";""
"POACEAE";"Dichanthelium";"assurgens";"";""
"POACEAE";"Dichanthelium";"congestum";"";""
"POACEAE";"Dichanthelium";"sendulskyii";"";""
"POACEAE";"Digitaria";"chaseae";"";""
"POACEAE";"Digitaria";"pampinosa";"";""
"POACEAE";"Guadua";"magna";"";""
"POACEAE";"Mesosetum";"alatum";"";""
"POACEAE";"Mesosetum";"longiaristatum";"";""
"POACEAE";"Ophiochloa";"bryoides";"";""
"POACEAE";"Otachyrium";"piligerum";"";""
"POACEAE";"Panicum";"ephemeroides";"";""
"POACEAE";"Panicum";"noterophilum";"";""
"POACEAE";"Panicum";"nutabundum";"";""
"POACEAE";"Paspalum";"biaristatum";"";""
"POACEAE";"Paspalum";"brachytrichum";"";""
"POACEAE";"Paspalum";"burmanii";"";""
"POACEAE";"Paspalum";"cachimboense";"";""
"POACEAE";"Paspalum";"filgueirasii";"";""
"POACEAE";"Paspalum";"longiaristatum";"";""
"POACEAE";"Paspalum";"petrense";"";""
"POACEAE";"Paspalum";"vallsii";"";""
"POACEAE";"Rheochloa";"scabrifolia";"";""
"POACEAE";"Rupichloa";"acuminata";"";""
"POACEAE";"Sporobolus";"hians";"";""
"POACEAE";"Sporobolus";"paucifolius";"";""
"POACEAE";"Streptostachys";"lanciflora";"";""
"POLYGALACEAE";"Asemeia";"marquesiana";"";""
"POLYGALACEAE";"Asemeia";"pohliana";"";""
"POLYGALACEAE";"Caamembeca";"martinelli";"";""
"POLYGALACEAE";"Polygala";"apparicioi";"";""
"POLYGALACEAE";"Polygala";"asperuloides";"";""
"POLYGALACEAE";"Polygala";"bevilacquai";"";""
"POLYGALACEAE";"Polygala";"grazielae";"";""
"POLYGALACEAE";"Polygala";"irwinii";"";""
"POLYGALACEAE";"Polygala";"juncea";"";""
"POLYGALACEAE";"Polygala";"malmeana";"";""
"POLYGALACEAE";"Polygala";"patens";"";""
"POLYGALACEAE";"Polygala";"pseudocoriacea";"";""
"POLYGALACEAE";"Polygala";"pseudoerica";"";""
"POLYGALACEAE";"Polygala";"suganumae";"";""
"POLYGALACEAE";"Polygala";"trifurcata";"";""
"POLYGALACEAE";"Polygala";"vollii";"";""
"POLYGALACEAE";"Securidaca";"acuminata";"";""
"POLYGONACEAE";"Coccoloba";"cereifera";"";""
"PRIMULACEAE";"Myrsine";"cipoensis";"";""
"RHABDODENDRACEAE";"Rhabdodendron";"gardneranum";"";""
"RUBIACEAE";"Borreria";"amapaensis";"";""
"RUBIACEAE";"Borreria";"burchellii";"";""
"RUBIACEAE";"Borreria";"gracillima";"";""
"RUBIACEAE";"Borreria";"guimaraesensis";"";""
"RUBIACEAE";"Borreria";"irwiniana";"";""
"RUBIACEAE";"Borreria";"paulista";"";""
"RUBIACEAE";"Borreria";"rosmarinifolia";"";""
"RUBIACEAE";"Borreria";"tocantinsiana";"";""
"RUBIACEAE";"Diodia";"macrophylla";"";""
"RUBIACEAE";"Galianthe";"macedoi";"";""
"RUBIACEAE";"Galianthe";"matogrossiana";"";""
"RUBIACEAE";"Mitracarpus";"pusillus";"";""
"RUBIACEAE";"Psyllocarpus";"schwackei";"";""
"RUBIACEAE";"Staelia";"tocantinsiana";"";""
"SANTALACEAE";"Phoradendron";"anamariae";"";""
"SANTALACEAE";"Phoradendron";"dimerostachys";"";""
"SANTALACEAE";"Phoradendron";"virens";"";""
"SCHOEPFIACEAE";"Schoepfia";"velutina";"";""
"SCROPHULARIACEAE";"Buddleja";"longiflora";"";""
"SCROPHULARIACEAE";"Buddleja";"speciosissima";"";""
"SCROPHULARIACEAE";"Philcoxia";"goiasensis";"";""
"SCROPHULARIACEAE";"Philcoxia";"minensis";"";""
"SOLANACEAE";"Brunfelsia";"rupestris";"";""
"SOLANACEAE";"Solanum";"eitenii";"";""
"SYMPLOCACEAE";"Symplocos";"glaberrima";"";""
"SYMPLOCACEAE";"Symplocos";"insolita";"";""
"SYMPLOCACEAE";"Symplocos";"saxatilis";"";""
"TURNERACEAE";"Piriqueta";"araguaiana";"";""
"TURNERACEAE";"Piriqueta";"caiapoensis";"";""
"TURNERACEAE";"Piriqueta";"cristobaliae";"";""
"TURNERACEAE";"Piriqueta";"emasensis";"";""
"TURNERACEAE";"Piriqueta";"lourteigiae";"";""
"TURNERACEAE";"Turnera";"asymmetrica";"";""
"TURNERACEAE";"Turnera";"cipoensis";"";""
"TURNERACEAE";"Turnera";"coccinea";"";""
"TURNERACEAE";"Turnera";"collotricha";"";""
"TURNERACEAE";"Turnera";"coriacea";"";""
"TURNERACEAE";"Turnera";"elliptica";"";""
"TURNERACEAE";"Turnera";"foliosa";"";""
"TURNERACEAE";"Turnera";"gardneriana";"";""
"TURNERACEAE";"Turnera";"ignota";"";""
"TURNERACEAE";"Turnera";"luetzelburgii";"";""
"TURNERACEAE";"Turnera";"pinifolia";"";""
"TURNERACEAE";"Turnera";"princeps";"";""
"TURNERACEAE";"Turnera";"reginae";"";""
"TURNERACEAE";"Turnera";"revoluta";"";""
"TURNERACEAE";"Turnera";"riedeliana";"";""
"VELLOZIACEAE";"Barbacenia";"andersonii";"";""
"VELLOZIACEAE";"Barbacenia";"blackii";"";""
"VELLOZIACEAE";"Barbacenia";"contasana";"";""
"VELLOZIACEAE";"Barbacenia";"cylindrica";"";""
"VELLOZIACEAE";"Barbacenia";"fulva";"";""
"VELLOZIACEAE";"Barbacenia";"glabra";"";""
"VELLOZIACEAE";"Barbacenia";"hatschbachii";"";""
"VELLOZIACEAE";"Barbacenia";"lymansmithii";"";""
"VELLOZIACEAE";"Barbacenia";"minima";"";""
"VELLOZIACEAE";"Barbacenia";"reflexa";"";""
"VELLOZIACEAE";"Barbacenia";"regis";"";""
"VELLOZIACEAE";"Barbacenia";"umbrosa";"";""
"VELLOZIACEAE";"Barbacenia";"williamsii";"";""
"VELLOZIACEAE";"Vellozia";"bradei";"";""
"VELLOZIACEAE";"Vellozia";"costata";"";""
"VELLOZIACEAE";"Vellozia";"crinita";"";""
"VELLOZIACEAE";"Vellozia";"exilis";"";""
"VELLOZIACEAE";"Vellozia";"graomogolensis";"";""
"VELLOZIACEAE";"Vellozia";"luteola";"";""
"VELLOZIACEAE";"Vellozia";"maxillarioides";"";""
"VELLOZIACEAE";"Vellozia";"prolifera";"";""
"VELLOZIACEAE";"Vellozia";"sellowii";"";""
"VELLOZIACEAE";"Vellozia";"spiralis";"";""
"VELLOZIACEAE";"Vellozia";"tillandsioides";"";""
"VELLOZIACEAE";"Vellozia";"torquata";"";""
"VERBENACEAE";"Bouchea";"chascanoides";"";""
"VERBENACEAE";"Bouchea";"fluminensis";"";""
"VERBENACEAE";"Lantana";"gracilis";"";""
"VERBENACEAE";"Lippia";"ciliata";"";""
"VERBENACEAE";"Lippia";"diamantinensis";"";""
"VERBENACEAE";"Lippia";"duartei";"";""
"VERBENACEAE";"Lippia";"gardneriana";"";""
"VERBENACEAE";"Lippia";"grandiflora";"";""
"VERBENACEAE";"Lippia";"lasiocalycina";"";""
"VERBENACEAE";"Lippia";"macedoi";"";""
"VERBENACEAE";"Lippia";"rubella";"";""
"VERBENACEAE";"Stachytarpheta";"ajugifolia";"";""
"VERBENACEAE";"Stachytarpheta";"bicolor";"";""
"VERBENACEAE";"Stachytarpheta";"discolor";"";""
"VERBENACEAE";"Stachytarpheta";"froesii";"";""
"VERBENACEAE";"Stachytarpheta";"galactea";"";""
"VERBENACEAE";"Stachytarpheta";"integrifolia";"";""
"VERBENACEAE";"Stachytarpheta";"itambensis";"";""
"VERBENACEAE";"Stachytarpheta";"lacunosa";"";""
"VERBENACEAE";"Stachytarpheta";"lychnitis";"";""
"VERBENACEAE";"Stachytarpheta";"monachinoi";"";""
"VERBENACEAE";"Stachytarpheta";"pohliana";"";""
"VOCHYSIACEAE";"Callisthene";"erythroclada";"";""
"VOCHYSIACEAE";"Qualea";"elegans";"";""
"VOCHYSIACEAE";"Vochysia";"petraea";"";""
"VOCHYSIACEAE";"Vochysia";"rotundifolia";"";""
"VOCHYSIACEAE";"Vochysia";"pygmaea";"";""
"XYRIDACEAE";"Xyris";"archeri";"";""
"XYRIDACEAE";"Xyris";"diaphanobracteata";"";""
"XYRIDACEAE";"Xyris";"goyazensis";"";""
"XYRIDACEAE";"Xyris";"itambensis";"";""
"XYRIDACEAE";"Xyris";"jataiana";"";""
"XYRIDACEAE";"Xyris";"lanuginosa";"";""
"XYRIDACEAE";"Xyris";"mertensiana";"";""
"XYRIDACEAE";"Xyris";"obcordata";"";""
"XYRIDACEAE";"Xyris";"paradisiaca";"";""
"XYRIDACEAE";"Xyris";"picea";"";""
"XYRIDACEAE";"Xyris";"pranceana";"";""
"XYRIDACEAE";"Xyris";"rupicola";"";""
"XYRIDACEAE";"Xyris";"spectabilis";"";""
"XYRIDACEAE";"Xyris";"subsetigera";"";""
"XYRIDACEAE";"Xyris";"veruina";"";""
"XYRIDACEAE";"Xyris";"vestita";"";""
"XYRIDACEAE";"Xyris";"villosicarinata";"";""
